Manufacturer,Device,CUDA,Metal,OpenCL,Vulkan
Nvidia,GeForce RTX 3090 Ti,260346,,229738,141134
Nvidia,A100 80GB PCIe,259828,,214586,
Nvidia,A100-PCIE-80GB,256292,,207124,
Nvidia,GeForce RTX 3090,238123,,204921,138859
Nvidia,A100-SXM4-40GB,237220,,190489,
Nvidia,GeForce RTX 3080 Ti,235513,,209081,131975
Nvidia,GRID A100-7-40C MIG 7g.40gb,233910,,196825,
Nvidia,RTX A6000,224604,,200330,109243
Nvidia,GRID A100-4C,219037,,,
Nvidia,Tesla V100S-PCIE-32GB,216224,,186147,
Nvidia,A100-PCIE-40GB,215434,,161590,92245
Nvidia,GeForce RTX 3080,206390,,181771,126138
Nvidia,A40,205120,,185972,
Nvidia,Tesla V100-SXM2-32GB,203550,,169214,
Nvidia,Tesla V100-SXM2-16GB,201257,,145462,
Nvidia,RTX A5000,193384,,166307,108730
Nvidia,Tesla V100-PCIE-16GB,192531,,151180,
Nvidia,Tesla V100-PCIE-32GB,191375,,144501,
Nvidia,A10G,187763,,126737,
Nvidia,A10,186108,,,
Nvidia,A40-8Q,183852,,188056,
Nvidia,Quadro GV100,180942,,143059,
Nvidia,GRID V100D-32Q,178886,,,
Nvidia,TITAN V,176773,,136749,144238
Nvidia,GeForce RTX 2080 Ti,176681,,145322,132328
Nvidia,Tesla V100-FHHL-16GB,174445,,,
Nvidia,RTX A4500,171509,,155557,
Nvidia,TITAN RTX,167076,,138072,111342
Nvidia,GeForce RTX 3070 Ti,165866,,147200,104828
Nvidia,GRID V100D-16Q,163420,,,
Nvidia,Quadro RTX 6000,159550,,134522,103054
Nvidia,GRID RTX6000-3Q,152526,,,
Nvidia,GeForce RTX 3070,149734,,135064,99979
Nvidia,GRID RTX6000-6Q,149498,,,
Nvidia,GeForce RTX 3080 Ti Laptop GPU,148511,,136008,90751
Nvidia,Quadro RTX 8000,144049,,125554,89911
Nvidia,GeForce RTX 3070 Ti Laptop GPU,141168,,119528,82032
Nvidia,A30,139688,,118447,
Nvidia,RTX A5000 Laptop GPU,139395,,122155,88144
Nvidia,GeForce RTX 3080 Laptop GPU,138398,,125425,91922
Nvidia,GRID RTX6000-2Q,137891,,133165,81079
Nvidia,GRID RTX6000-8Q,134624,,,
Nvidia,GRID RTX6000-4Q,132933,,,61698
Nvidia,GeForce RTX 3060 Ti,128321,,120183,95490
Nvidia,GeForce RTX 2080 SUPER,126130,,114956,93540
Nvidia,GRID RTX8000P-6Q,125055,,119079,
Nvidia,RTX A4000,124547,,116149,83390
Nvidia,GeForce RTX 3070 Laptop GPU,122041,,111833,84673
Nvidia,GeForce RTX 2080,120612,,105930,87178
Nvidia,RTX A4000 Laptop GPU,118896,,106611,73002
Nvidia,Quadro RTX 5000,117173,,105171,73163
Nvidia,GeForce RTX 2070 SUPER,108083,,97485,82471
Nvidia,GeForce RTX 2080 Super with Max-Q Design,104422,,87462,70522
Nvidia,GeForce RTX 2080 with Max-Q Design,104025,,87150,65188
Nvidia,GeForce RTX 3060,99213,,96416,74845
Nvidia,Quadro RTX 5000 with Max-Q Design,99084,,91343,67503
Nvidia,GeForce RTX 3060 Laptop GPU,98709,,92420,71210
Nvidia,GeForce RTX 2070,96024,,85818,73515
Nvidia,A40-12Q,95329,,156643,
Nvidia,GeForce RTX 2060 SUPER,95114,,85216,73672
Nvidia,Quadro RTX 4000,94250,,85184,66795
Nvidia,Quadro GP100,92763,,82724,
Nvidia,RTX A3000 Laptop GPU,90882,,87942,69855
Nvidia,GeForce RTX 2070 Super with Max-Q Design,89663,,81209,62918
Nvidia,GeForce RTX 2070 with Max-Q Design,86778,,74397,62864
Nvidia,GRID A100-2-10C MIG 2g.10gb,84208,,78806,
Nvidia,Tesla P100-PCIE-16GB,84011,,64789,
Nvidia,RTX A2000,84002,,76373,58378
Nvidia,RTX A2000 12GB,83470,,79123,
Nvidia,Tesla P100-PCIE-12GB,80217,,,
Nvidia,Tesla T4,78434,,67669,55387
Nvidia,GeForce RTX 2060,78091,,70754,60775
Nvidia,GRID T4-2Q,77714,,64664,
Nvidia,GeForce RTX 3050,72998,,71667,56109
Nvidia,GRID T4-16Q,70576,,58147,49068
Nvidia,Quadro RTX 3000,70456,,61102,54040
Nvidia,Tesla P100-SXM2-16GB,69446,,76222,
Nvidia,GeForce RTX 2060 with Max-Q Design,67657,,61701,51683
Nvidia,Quadro RTX 4000 with Max-Q Design,67141,,73097,55282
Nvidia,GeForce RTX 3050 Ti Laptop GPU,66487,,62154,52643
Nvidia,GeForce GTX 1660 Ti,66368,,61373,53550
Nvidia,GeForce GTX 1660 SUPER,65154,,60772,55624
Nvidia,Quadro RTX 3000 with Max-Q Design,64172,,65305,50239
Nvidia,GeForce GTX 1660 Ti with Max-Q Design,61528,,54310,48658
Nvidia,RTX A2000 Laptop GPU,61347,,61134,43201
Nvidia,GeForce GTX 1660,60503,,55712,51028
Nvidia,GRID T4-4Q,59903,,61943,47210
Nvidia,TITAN Xp COLLECTORS EDITION,59596,41063,66294,
Nvidia,GeForce RTX 3050 Laptop GPU,58544,,55123,47251
Nvidia,TITAN Xp,58384,,65766,88308
Nvidia,GeForce GTX 1650 SUPER,57126,,53834,49211
Nvidia,TITAN X (Pascal),56205,,60601,84305
Nvidia,GeForce GTX 1080 Ti,55628,30624,61295,85662
Nvidia,GRID T4-8Q,52866,,59749,52333
Nvidia,GeForce GTX 1080,51531,23824,54640,66552
Nvidia,GeForce GTX 1070 Ti,50088,22180,52434,59088
Nvidia,GeForce GTX 1650 Ti,48337,,43645,38972
Nvidia,Tesla P40,47664,,51217,
Nvidia,Quadro P6000,47462,,56151,78125
Nvidia,GeForce GTX 1080 with Max-Q Design,46955,,46870,58341
Nvidia,Quadro P5200 with Max-Q Design,46329,,47181,50223
Nvidia,Quadro P5200,45689,,46858,51548
Nvidia,GeForce GTX 1070,45558,18801,47750,53125
Nvidia,Quadro P5000,45153,,47424,55111
Nvidia,T1200 Laptop GPU,43441,,42064,38268
Nvidia,Quadro T2000 with Max-Q Design,41307,,40534,34553
Nvidia,GRID A100-1-5C MIG 1g.5gb,41284,,42750,
Nvidia,GRID P40-2Q,41169,,41280,
Nvidia,GeForce GTX 1650 Ti with Max-Q Design,41158,,40474,36968
Nvidia,Quadro T2000,41149,,39454,34653
Nvidia,GeForce GTX 1650,40258,,38315,35907
Nvidia,Quadro P4000,39254,,42289,41279
Nvidia,T1000 8GB,38577,,37882,
Nvidia,GeForce GTX 1070 with Max-Q Design,38193,,39907,41167
Nvidia,A2,38140,,37130,
Nvidia,GeForce GTX 1650 with Max-Q Design,37945,,36447,32737
Nvidia,T1000,37817,,36847,34096
Nvidia,Quadro P4200,37676,,38169,
Nvidia,GeForce GTX 980 Ti,36268,19520,40025,54616
Nvidia,T600 Laptop GPU,36000,,34635,
Nvidia,P106-100,34239,,35963,34985
Nvidia,Quadro T1000,34236,,32981,29638
Nvidia,GeForce GTX 1060 6GB,34034,14587,36416,37241
Nvidia,Quadro T1000 with Max-Q Design,33978,,32596,28174
Nvidia,GeForce GTX TITAN X,33701,18723,39047,53345
Nvidia,Quadro M6000,32385,,36685,45948
Nvidia,Quadro M6000 24GB,32156,,35572,
Nvidia,GeForce GTX 1060 3GB,31922,13527,33958,33939
Nvidia,Quadro P3200 with Max-Q Design,31592,,31276,
Nvidia,Tesla P4,31513,,34282,
Nvidia,Tesla M40,31401,,34109,48561
Nvidia,GeForce GTX 1060,31129,13531,32388,31476
Nvidia,Tesla M40 24GB,31126,,35695,
Nvidia,T500,30990,,29203,25628
Nvidia,Quadro P2200,30389,,32972,33482
Nvidia,GeForce GTX 1060 5GB,30206,,33671,36656
Nvidia,GeForce MX450,29969,,29000,26378
Nvidia,GeForce GTX 980,29848,15163,33463,41306
Nvidia,GeForce GTX 1060 with Max-Q Design,28312,,29934,32085
Nvidia,T600,28084,,27240,25594
Nvidia,Quadro P3200,27741,,33597,32589
Nvidia,GeForce GTX 970,25908,13595,29153,34107
Nvidia,Tesla M60,25404,,28232,31639
Nvidia,Quadro M5000,24565,,28016,33588
Nvidia,Quadro P3000,22837,,25108,25030
Nvidia,Quadro P2000,21668,,23869,23151
Nvidia,GeForce GTX 980M,21520,,23785,26093
Nvidia,GeForce GTX 780 Ti,20877,12375,25535,27453
Nvidia,P106-090,20839,,20947,18684
Nvidia,GeForce GTX 1050 Ti,20616,7834,22192,21230
Nvidia,GeForce GTX TITAN Black,20282,12005,25112,23559
Nvidia,Quadro M5000M,20269,,22881,22787
Nvidia,GeForce GTX 1050 Ti with Max-Q Design,18936,,20678,18970
Nvidia,GeForce GTX TITAN Z,18422,,22732,22006
Nvidia,GeForce GTX 970M,18285,,20012,21753
Nvidia,Quadro P2000 with Max-Q Design,18218,,19715,18474
Nvidia,GeForce GTX 780,18049,9797,21004,21940
Nvidia,GeForce GTX TITAN,17933,10616,21881,23382
Nvidia,GeForce GTX 960,17784,8773,21072,22380
Nvidia,Quadro K6000,17571,11048,17636,22673
Nvidia,GeForce GTX 1050,17206,7823,18573,17953
Nvidia,T400,16856,,16656,16387
Nvidia,Quadro M4000,16648,,18372,20969
Nvidia,T400 4GB,16323,,16489,
Nvidia,Tesla K80,16063,,15947,14939
Nvidia,GeForce GTX 950,15998,7172,18233,18345
Nvidia,Quadro M3000M,15678,,17348,17520
Nvidia,GeForce GTX 1050 with Max-Q Design,15058,,17020,16857
Nvidia,Tesla K40c,14510,,17468,
Nvidia,Quadro P1000,14286,,15667,14310
Nvidia,Tesla K40m,14135,,17564,
Nvidia,GeForce GTX 965M,13861,,16496,16483
Nvidia,GeForce GTX 770,13824,8636,17483,17236
Nvidia,Quadro K5200,13735,8704,16029,17881
Nvidia,GeForce GTX 680,13627,8002,16368,16340
Nvidia,Quadro M2000,13100,,14953,15367
Nvidia,Quadro M2200,12812,,16429,15588
Nvidia,Tesla K20Xm,12681,8035,14541,
Nvidia,GeForce MX350,12572,,13872,13882
Nvidia,GeForce GTX 690,12549,7870,15421,15021
Nvidia,GeForce GTX 750 Ti,12510,5182,12954,12372
Nvidia,Tesla M10,12054,,,
Nvidia,Tesla K20m,12019,,14510,21936
Nvidia,GeForce GTX 670,11969,7421,14780,14358
Nvidia,Tesla K20c,11850,,14766,
Nvidia,GeForce GTX 960M,11818,,12257,10582
Nvidia,Quadro P620,11727,,12475,11923
Nvidia,Quadro K2200,11549,,12020,11238
Nvidia,GeForce GTX 680MX,11307,5069,4568,
Nvidia,GeForce GTX 660 Ti,11298,6670,14647,14555
Nvidia,GeForce GTX 860M,11144,4900,11550,10627
Nvidia,Quadro M2000M,11041,,10557,10308
Nvidia,GeForce GTX 760,10683,6570,12578,12985
Nvidia,Quadro P600,10634,,11181,10334
Nvidia,GeForce GTX 750,10510,4274,10644,10015
Nvidia,GeForce GT 1030,10307,,10713,10201
Nvidia,Quadro M1200,10296,,10874,9255
Nvidia,GeForce GTX 880M,10249,6863,13023,13675
Nvidia,GRID M10-8Q,10107,,11769,
Nvidia,GeForce MX330,9906,,10474,10022
Nvidia,GeForce MX150,9799,,10459,9867
Nvidia,GeForce GTX 950M,9777,,10170,9069
Nvidia,GeForce MX250,9734,,10197,9939
Nvidia,GeForce GTX 850M,9545,,10030,9370
Nvidia,GeForce GTX 780M,9535,5641,5211,11135
Nvidia,GeForce GTX 870M,9499,5899,11021,11207
Nvidia,Quadro K1200,9073,,9031,8697
Nvidia,GeForce GTX 760 (192-bit),9058,,11189,10748
Nvidia,Quadro K4200,8973,5953,11745,11396
Nvidia,Quadro M620,8602,,8815,7859
Nvidia,GeForce GTX 660,8583,5449,11381,10693
Nvidia,Quadro K5000,8558,5470,7115,10194
Nvidia,Quadro M1000M,8471,,8927,7809
Nvidia,Quadro P520,7481,,8138,9230
Nvidia,Quadro M520,7173,,6889,
Nvidia,GeForce MX130,7156,,7199,6515
Nvidia,GeForce GTX 650 Ti BOOST,7132,,9450,8863
Nvidia,GeForce GTX 675MX,7085,4660,4095,
Nvidia,GeForce MX230,6914,,7146,7117
Nvidia,Quadro K4100M,6821,4915,5215,7058
Nvidia,Quadro K620,6653,,6869,6567
Nvidia,GeForce GTX 770M,6572,4147,6585,
Nvidia,GeForce GTX 745,6443,2777,6300,6087
Nvidia,Quadro P500,6438,,6086,
Nvidia,GeForce 940MX,6363,,6582,5823
Nvidia,GeForce GTX 650 Ti,6223,3858,8083,7772
Nvidia,GeForce 940M,5882,,6193,5469
Nvidia,Quadro M500M,5713,,5929,5222
Nvidia,Quadro P400,5691,,5692,5511
Nvidia,GeForce 840M,5629,,5938,5207
Nvidia,GeForce 930MX,5599,,5764,5367
Nvidia,GeForce GTX 765M,5514,3189,5299,6714
Nvidia,Quadro K4000,5210,3574,6816,6504
Nvidia,GeForce 930M,5123,,5333,4601
Nvidia,Quadro K4000M,4650,,4763,
Nvidia,GeForce MX110,4625,,4623,4132
Nvidia,GeForce 830M,4342,,4422,4078
Nvidia,GeForce GTX 760M,4287,,5553,4868
Nvidia,GeForce 920MX,4274,,4210,3723
Nvidia,Quadro K3100M,4121,3037,3517,4645
Nvidia,GeForce GTX 645,3630,2716,5217,
Nvidia,GeForce GTX 650,3469,2446,4712,4293
Nvidia,GeForce GT 740,3302,,4243,4201
Nvidia,GeForce GT 750M,3118,2044,1958,3874
Nvidia,Quadro K2000,3055,2044,4071,3710
Nvidia,Quadro K2100M,3028,2369,3163,3644
Nvidia,GeForce GTX 660M,2901,2083,3649,3524
Nvidia,GeForce GT 640,2853,,3876,3620
Nvidia,GeForce GT 745M,2836,,3470,3644
Nvidia,GeForce GT 635,2794,,3732,3417
Nvidia,GeForce GT 740M,2783,,3590,3564
Nvidia,GeForce 920M,2766,,3462,3215
Nvidia,GeForce GT 730,2743,1933,3690,3447
Nvidia,GeForce GT 650M,2651,1850,1793,3247
Nvidia,GeForce GT 730M,2459,,3437,3025
Nvidia,Quadro K2000M,2385,1676,2575,2616
Nvidia,GeForce GT 630,2317,1239,2654,2548
Nvidia,Quadro K1100M,2205,1523,2245,2664
Nvidia,GeForce GT 640M,2200,1435,2485,2732
Nvidia,GeForce GT 710,1534,1108,2079,1939
Nvidia,GeForce GT 720,1514,1343,2372,2361
Nvidia,Quadro K610M,1504,1181,1833,1867
Nvidia,Quadro K600,1356,1060,1572,1753
Nvidia,Quadro K420,1350,1060,1507,1740
Nvidia,Quadro K1000M,1335,947,1590,1509
Nvidia,NVS 510,1282,987,1436,
AMD,15D8:C8,,,14666,14730
AMD,15D8:C9,,,11132,12149
AMD,15D8:CA,,,12963,
AMD,15D8:CB,,,9362,
AMD,15D8:CC,,,5048,5436
AMD,15D8:D8,,,13598,14047
AMD,15D8:D9,,,10898,
AMD,15D8:DA,,,15119,
AMD,15D8:DB,,,10395,
AMD,67EF:C0,,,19535,
AMD,67EF:CF,,,17262,
AMD,7360:41 (NAVI 12),,,27548,37442
Apple,A10 GPU,,3065,,
Apple,A10X GPU,,6910,,
Apple,A11 GPU,,3805,,
Apple,A12 GPU,,5378,,
Apple,A12X GPU,,11235,,
Apple,A12Z,,,11391,
Apple,A12Z GPU,,12105,,
Apple,A13 GPU,,7176,,
Apple,A14 GPU,,9425,,
Apple,A15 GPU,,13427,,
Apple,A7 GPU,,26,,
Apple,A8 GPU,,476,,
Apple,A8X GPU,,754,,
Apple,A9 GPU,,2388,,
Apple,A9X GPU,,4279,,
Qualcomm,Adreno  430,,,,520
Qualcomm,Adreno  506,,,,130
Qualcomm,Adreno  509,,,,229
Qualcomm,Adreno  512,,,,302
Qualcomm,Adreno  530,,,,582
Qualcomm,Adreno  540,,,,636
Qualcomm,Adreno  610,,,,471
Qualcomm,Adreno  612,,,,543
Qualcomm,Adreno  615,,,,653
Qualcomm,Adreno  616,,,,830
Qualcomm,Adreno  618,,,,1071
Qualcomm,Adreno  619,,,,1112
Qualcomm,Adreno  620,,,,1174
Qualcomm,Adreno  630,,,,1812
Qualcomm,Adreno  640,,,,2539
Qualcomm,Adreno  642,,,,2867
Qualcomm,Adreno  642L,,,,2375
Qualcomm,Adreno  643,,,,2495
Qualcomm,Adreno  650,,,,3454
Qualcomm,Adreno  660,,,,4550
Qualcomm,Adreno  730,,,,6233
Intel,AlderLake-S Mobile Graphics Controller,,,8753,8526
Intel,Amber Lake (Kabylake) GT2,,,,738
Intel,Arc A350M Graphics,,,23107,
Intel,Bay Trail,,,,156
AMD,Device 6863,,,49493,
AMD,Ellesmere [Radeon RX 470/480/570/570X/580/580X/590],,,49236,
AMD,Fiji [Radeon R9 FURY / NANO],,,59624,
AMD,FirePro D300,,23163,21243,19931
AMD,FirePro D500,,23398,20890,24101
AMD,FirePro D700,,32000,28896,33106
AMD,FirePro M4000,,,6494,
AMD,Firepro M4100,,,5067,
AMD,FirePro M4150,,,5063,6685
AMD,FirePro M4170,,,6347,
AMD,FirePro M5100,,,9305,10692
AMD,FirePro M5950,,,1505,
AMD,FirePro M6000,,,9420,
AMD,FirePro M6100,,,15612,16951
AMD,FirePro S10000,,,30631,34145
AMD,FirePro S7150,,,29623,33575
AMD,FirePro S9300 x2,,,27971,37109
AMD,FirePro V,,,3109,
AMD,FirePro V3900,,,1395,
AMD,FirePro V4800,,,1490,
AMD,FirePro V4900,,,1666,
AMD,FirePro V5800,,,2740,
AMD,FirePro V5900,,,2880,
AMD,FirePro V7800,,,4894,
AMD,FirePro W2100,,,4425,
AMD,FirePro W4100,,,6575,7852
AMD,FirePro W4170M,,,5507,
AMD,FirePro W4190M,,,5705,
AMD,FirePro W5000,,,12387,16955
AMD,FirePro W5100,,,13903,16106
AMD,FirePro W5130M,,,7779,8337
AMD,FirePro W5170M,,,8775,
AMD,FirePro W7000,,,21082,
AMD,FirePro W7100,,,26357,25403
AMD,FirePro W8100,,,34705,
AMD,FirePro W9000,,,31775,
AMD,FirePro W9100,,,43046,
Nvidia,GeForce 410M,,,872,
Nvidia,GeForce 510,,,758,
Nvidia,GeForce 605,,,764,
Nvidia,GeForce 610M,,,1086,
Nvidia,GeForce 615,,,1162,
Nvidia,GeForce 710A,,,2638,
Nvidia,GeForce 710M,,,1976,
Nvidia,GeForce 730A,,,3088,
Nvidia,GeForce 800M,,,1303,
Nvidia,GeForce 810A,,,1828,
Nvidia,GeForce 810M,,,1644,
Nvidia,GeForce 820A,,,2708,
Nvidia,GeForce 820M,,,2347,
Nvidia,GeForce 830A,,,4315,
Nvidia,GeForce 840A,,,5596,
Nvidia,GeForce 845M,,,6112,
Nvidia,GeForce 910M,,,2629,
Nvidia,GeForce 930A,,,5317,
Nvidia,GeForce 945M,,,8099,
Nvidia,GeForce GT 415M,,,751,
Nvidia,GeForce GT 420,,,1055,
Nvidia,GeForce GT 420M,,,1334,
Nvidia,GeForce GT 425M,,,1581,
Nvidia,GeForce GT 430,,,1974,
Nvidia,GeForce GT 435M,,,1634,
Nvidia,GeForce GT 440,,,2380,
Nvidia,GeForce GT 520,,,1139,
Nvidia,GeForce GT 520M,,,1013,
Nvidia,GeForce GT 520MX,,,1081,
Nvidia,GeForce GT 525M,,,1562,
Nvidia,GeForce GT 530,,,1947,
Nvidia,GeForce GT 540M,,,1797,
Nvidia,GeForce GT 545,,,3261,
Nvidia,GeForce GT 550M,,,2137,
Nvidia,GeForce GT 555M,,,2629,
Nvidia,GeForce GT 610,,,1164,
Nvidia,GeForce GT 620,,,1337,
Nvidia,GeForce GT 620M,,,1605,
Nvidia,GeForce GT 625,,,1026,
Nvidia,GeForce GT 625 (OEM),,,1345,
Nvidia,GeForce GT 625M,,,2229,
Nvidia,GeForce GT 630M,,,1860,
Nvidia,GeForce GT 635M,,,1901,
Nvidia,GeForce GT 640M LE,,,1915,2240
Nvidia,GeForce GT 645M,,,2445,
Nvidia,GeForce GT 705,,,1247,
Nvidia,GeForce GT 710M,,,2103,
Nvidia,GeForce GT 720M,,,2056,
Nvidia,GeForce GT 735M,,,3550,
Nvidia,GeForce GT 755M,,2407,2199,4226
Nvidia,GeForce GT 820M,,,1508,
Nvidia,GeForce GT625M,,,1994,
Nvidia,GeForce GTS 450,,,4501,
Nvidia,GeForce GTX 1660 Ti,,,,51863
Nvidia,GeForce GTX 460,,,6630,
Nvidia,GeForce GTX 460 SE,,,5358,
Nvidia,GeForce GTX 460 v2,,,7872,
Nvidia,GeForce GTX 460M,,,3483,
Nvidia,GeForce GTX 465,,,8081,
Nvidia,GeForce GTX 470,,,10408,
Nvidia,GeForce GTX 480,,,12241,
Nvidia,GeForce GTX 550 Ti,,,5305,
Nvidia,GeForce GTX 560,,,8094,
Nvidia,GeForce GTX 560 SE,,,6235,
Nvidia,GeForce GTX 560 Ti,,,9263,
Nvidia,GeForce GTX 560M,,,4284,
Nvidia,GeForce GTX 570,,,12316,
Nvidia,GeForce GTX 580,,,14740,
Nvidia,GeForce GTX 580M,,,5837,
Nvidia,GeForce GTX 590,,,11950,
Nvidia,GeForce GTX 670M,,,5785,
Nvidia,GeForce GTX 670MX,,,6033,5316
Nvidia,GeForce GTX 675M,,,5752,
Nvidia,GeForce GTX 680M,,4815,8385,
Nvidia,GeForce GTX 760 Ti OEM,,,14380,
Nvidia,GeForce GTX 775M,,5183,4424,
Nvidia,GeForce GTX 950A,,,10489,
Nvidia,GeForce GTX GTX880M,,,5622,
Nvidia,GeForce MX550,,,36084,
Nvidia,GeForce RTX 2050,,,45986,
Intel,Gen12 Desktop Graphics Controller,,,15964,14128
Intel,Gen12 Mobile Graphics Controller,,,7958,7341
Intel,Gen12LP HD Graphics NEO,,,12321,
Intel,Gen8 HD Graphics NEO,,,3277,
Intel,Gen9 HD Graphics NEO,,,5784,
Intel,Graphics (ADL-S GT1),,,,6339
Intel,Graphics (RKL GT1),,,,5563
Intel,Graphics [0x3ea0],,,4685,
Intel,Graphics [0x4905],,,22230,
Intel,Graphics [0x5917],,,4994,
Intel,Graphics [0x9a49],,,14403,
Intel,Graphics [0x9b41],,,5242,
Intel,Graphics 630,,4424,,
Nvidia,Graphics Device,,,95793,72635
Intel,Graphics Gen12LP [0x9a49],,,9252,
Intel,Graphics Gen9 [0x5916],,,4884,
Nvidia,GRID K1,,,1976,
Nvidia,GRID K2,,5557,8287,
Nvidia,GRID K520,,,10864,
Nvidia,GRID M10-1B,,,,10869
Nvidia,GRID M10-1Q,,,,11603
Nvidia,GRID M60-1Q,,,,31220
Nvidia,GRID P4-8Q,,,38427,
Nvidia,GRID RTX6000-1Q,,,,57868
Nvidia,GRID RTX6000P-24Q,,,109662,
Nvidia,GRID RTX6000P-6Q,,,26590,
Nvidia,GRID RTX6000P-8Q,,,79528,
Nvidia,GRID T4-16A,,,,59779
Nvidia,GRID T4-16C,,,67838,
Nvidia,GRID T4-1B,,,,49938
Nvidia,GRID T4-2B,,,,48033
Nvidia,GRID T4-4C,,,57969,
Nvidia,GRID T4-8C,,,50827,
Nvidia,GRID V100D-4Q,,,136323,
Nvidia,GRID V100S-32Q,,,154397,
Intel,Haswell Desktop,,,,558
Intel,HD Graphics,,,965,4783
Intel,HD Graphics (Whiskey Lake 3x8 GT2),,,,2213
Intel,HD Graphics 2500,,,401,
Intel,HD Graphics 2500 (IVB GT1),,,,654
Intel,HD Graphics 400,,,1243,
Intel,HD Graphics 4000,,147,990,
Intel,HD Graphics 4000 (IVB GT2),,,,1287
Intel,HD Graphics 405,,,1751,
Intel,HD Graphics 4200,,,1893,
Intel,HD Graphics 4400,,,2299,
Intel,HD Graphics 4400 (HSW GT2),,,,2249
Intel,HD Graphics 4600,,,3076,
Intel,HD Graphics 4600 (HSW GT2),,,,2810
Intel,HD Graphics 500,,,1070,1362
Intel,HD Graphics 5000,,408,3444,
Intel,HD Graphics 5000 (HSW GT3),,,,2636
Intel,HD Graphics 505,,,1433,1760
Intel,HD Graphics 505 (APL 3),,,,1632
Intel,HD Graphics 510,,,2699,2757
Intel,HD Graphics 515,,3103,3332,3491
Intel,HD Graphics 515 (SKL GT2),,,,2649
Intel,HD Graphics 520,,,4231,3998
Intel,HD Graphics 520 (SKL GT2),,,,3165
Intel,HD Graphics 520 [0x1916],,,2201,
Intel,HD Graphics 530,,4018,4602,4874
Intel,HD Graphics 530 (SKL GT2),,,,3412
Intel,HD Graphics 530 (Skylake GT2),,,,3253
Intel,HD Graphics 530 [0x1912],,,962,
Intel,HD Graphics 5300,,2534,1901,
Intel,HD Graphics 5300 (BDW GT2),,,,2160
Intel,HD Graphics 5300 (Broadwell GT2),,,,1937
Intel,HD Graphics 5500,,,2564,
Intel,HD Graphics 5500 (BDW GT2),,,,2804
Intel,HD Graphics 5600,,,2872,
Intel,HD Graphics 6000,,,3987,
Intel,HD Graphics 6000 (BDW GT3),,,,3526
Intel,HD Graphics 610,,,2823,2859
Intel,HD Graphics 610 (Kaby Lake GT1),,,,678
Intel,HD Graphics 615,,3518,3612,3848
Intel,HD Graphics 615 (Kaby Lake GT2),,,,882
Intel,HD Graphics 615 (KBL GT2),,,,2831
Intel,HD Graphics 620,,,4496,4551
Intel,HD Graphics 620 (KBL GT2),,,,3239
Intel,HD Graphics 630,,4414,4894,5156
Intel,HD Graphics 630 (Kaby Lake GT2),,,,3480
Intel,HD Graphics 630 (KBL GT2),,,,3561
Intel,HD Graphics Family,,,3278,
Intel,HD Graphics Gen11,,,2751,2648
Intel,HD Graphics Gen9,,,5603,
Intel,HD Graphics P4000,,,1071,
Intel,HD Graphics P4600,,,3147,
Intel,HD Graphics P530,,,4854,4448
Intel,HD Graphics P630,,,5190,5414
Intel,HD Graphics Unknown,,4036,,
Intel,HD Graphics XXX (BSW),,,,1313
Intel,Iris Graphics,,457,3909,
Intel,Iris Graphics 5100,,,4150,
Intel,Iris Graphics 540,,6079,6252,2018
Intel,Iris Graphics 550,,5855,6213,
Intel,Iris Graphics 6000,,4603,,
Intel,Iris Graphics 6100,,4919,3575,
Intel,Iris Graphics 650,,,6046,
Intel,Iris Plus Graphics,,8996,7546,
Intel,Iris Plus Graphics 640,,6247,6601,
Intel,Iris Plus Graphics 645,,6765,7232,
Intel,Iris Plus Graphics 650,,6726,7106,
Intel,Iris Plus Graphics 655,,6879,7357,
Intel,Iris Pro,,,4419,
Intel,Iris Pro Graphics,,478,,
Intel,Iris Pro Graphics 5200,,,5106,
Intel,Iris Pro Graphics 580,,,7470,
Intel,Iris Pro Graphics 580 (Skylake GT4e),,,,5258
Intel,Iris Pro Graphics 6200,,6681,4913,
Intel,Iris Pro Graphics P580,,,9182,
Intel,Iris Pro Graphics P6300,,,6273,
Intel,Iris(R) Graphics 540,,,5885,6697
Intel,Iris(R) Graphics 550,,,6574,7277
Intel,Iris(R) Graphics 6100 (BDW GT3),,,,4075
Intel,Iris(R) Plus Graphics,,,7576,7931
Intel,Iris(R) Plus Graphics (ICL GT2),,,,5658
Intel,Iris(R) Plus Graphics 640,,,5217,6827
Intel,Iris(R) Plus Graphics 645,,,7638,7672
Intel,Iris(R) Plus Graphics 650,,,5792,7880
Intel,Iris(R) Plus Graphics 655,,,7413,8124
Intel,Iris(R) Plus Graphics 655 (CFL GT3),,,,5422
Intel,Iris(R) Pro Graphics 580,,,8684,9581
Intel,Iris(R) Pro Graphics P5200 (HSW GT3),,,,3851
Intel,Iris(R) Pro Graphics P580,,,9690,
Intel,Iris(R) Xe Graphics,,,14184,14105
Intel,Iris(R) Xe Graphics [0x9a49],,,10156,
Intel,Iris(R) Xe MAX Graphics,,,17398,15155
Intel,Iris(R) Xe MAX Graphics [0x4905],,,22236,
Intel,KBL Graphics,,,4506,
Intel,KBL Unknown,,4459,,
Intel,LakeField Mobile Graphics Controller,,,4636,4177
Other,"llvmpipe (LLVM 12.0.0, 256 bits)",,,,265
Apple,M1,,20440,18171,
Apple,M1 GPU,,21001,,
Apple,M1 Max,,64708,56581,
Apple,M1 Pro,,39758,35724,
Apple,M1 Ultra,,94583,76040,
ARM,Mali-G31,,,,362
ARM,Mali-G51,,,992,1020
ARM,Mali-G52,,,1866,1152
ARM,Mali-G52 MC1,,,531,489
ARM,Mali-G52 MC2,,,932,1100
ARM,Mali-G52 MC2 r1p0,,,1079,
ARM,Mali-G52 r0p0,,,633,
ARM,Mali-G52 r1p0,,,1101,
ARM,Mali-G57,,,,1769
ARM,Mali-G57 MC2,,,,1449
ARM,Mali-G57 MC2 r0p1,,,1453,
ARM,Mali-G57 MC3,,,,1787
ARM,Mali-G57 MC3 r0p0,,,1937,
ARM,Mali-G57 MC4,,,,2090
ARM,Mali-G57 MC4 r0p0,,,2134,
ARM,Mali-G57 MC5,,,,2947
ARM,Mali-G57 MC5 r0p0,,,2928,
ARM,Mali-G57 r0p0,,,2273,
ARM,Mali-G57 r0p1,,,2008,
ARM,Mali-G610 MC6,,,,4336
ARM,Mali-G610 MC6 r0p0,,,4483,
ARM,Mali-G610 r0p0,,,3382,
ARM,Mali-G68,,,,2518
ARM,Mali-G68 MC4,,,,2669
ARM,Mali-G68 MC4 r1p1,,,2641,
ARM,Mali-G68 r1p1,,,2527,
ARM,Mali-G71,,,2628,839
ARM,Mali-G71 MP2,,,,739
ARM,Mali-G71 MP2 r0p0,,,724,
ARM,Mali-G71 r0p0,,,817,
ARM,Mali-G710 MC10,,,,5972
ARM,Mali-G710 MC10 r0p0,,,6666,
ARM,Mali-G72,,,3044,2626
ARM,Mali-G72 MP3,,,1113,1252
ARM,Mali-G72 MP3 r0p3,,,1222,
ARM,Mali-G72 r0p1,,,1768,
ARM,Mali-G72 r0p3,,,1212,
ARM,Mali-G76,,,3785,3783
ARM,Mali-G76 MC4,,,1906,2044
ARM,Mali-G76 MC4 r0p0,,,2066,
ARM,Mali-G76 r0p0,,,4399,
ARM,Mali-G77,,,,4176
ARM,Mali-G77 MC7,,,,3261
ARM,Mali-G77 MC7 r0p1,,,3229,
ARM,Mali-G77 MC9,,,,5014
ARM,Mali-G77 MC9 r0p1,,,5061,
ARM,Mali-G77 r0p1,,,4875,
ARM,Mali-G78,,,,6436
ARM,Mali-G78 r0p1,,,6692,
ARM,Mali-T628,,,399,
ARM,Mali-T720,,,182,
ARM,Mali-T760,,,992,108
ARM,Mali-T820,,,,23
ARM,Mali-T830,,,437,50
ARM,Mali-T860,,,502,67
ARM,Mali-T880,,,1617,107
ARM,Mali-TNAX,,,,1609
ARM,Mali-TNAX r0p0,,,2167,
AMD,Mobility Radeon HD 5000,,,1212,
AMD,Mobility Radeon HD 5570,,,1070,
AMD,Mobility Radeon HD 5800,,,2443,
Other,MuMu GL/VK,,,,42318
AMD,MxGPU,,,11673,
AMD,Navi 10 [Radeon RX 5600 OEM/5600 XT / 5700/5700 XT],,,58558,
AMD,Navi 14 [Radeon RX 5500/5500M / Pro 5500M],,,39899,
AMD,Navi 21 [Radeon RX 6800/6800 XT / 6900 XT],,,143171,
AMD,Navi 22 [Radeon RX 6700/6700 XT / 6800M],,,93993,
Nvidia,NVS 310,,,851,
Nvidia,NVS 315,,,851,
Nvidia,NVS 4200M,,,1155,
Nvidia,NVS 5200M,,,1556,
Nvidia,NVS 5400M,,,2151,
Nvidia,P102-100,,,49602,
Nvidia,P104-100,,,44280,
Apple,Paravirtual device,,30603,,
PowerVR,PowerVR Rogue G6110,,,,71
PowerVR,PowerVR Rogue GE8100,,,,43
PowerVR,PowerVR Rogue GE8300,,,,69
PowerVR,PowerVR Rogue GE8320,,,,82
PowerVR,PowerVR Rogue GE8322,,,,92
PowerVR,PowerVR Rogue GE9215,,,,75
PowerVR,PowerVR Rogue GE9608,,,,97
PowerVR,PowerVR Rogue GE9920,,,,96
PowerVR,PowerVR Rogue GM9446,,,,112
PowerVR,PowerVR Rogue GT7400 Plus,,,,588
Nvidia,Quadro 1000M,,,1598,
Nvidia,Quadro 2000,,,3240,
Nvidia,Quadro 2000D,,,3236,
Nvidia,Quadro 2000M,,,2794,
Nvidia,Quadro 3000M,,,2894,
Nvidia,Quadro 4000,,,4183,
Nvidia,Quadro 4000M,,,4216,
Nvidia,Quadro 410,,804,1446,
Nvidia,Quadro 5000,,,6232,
Nvidia,Quadro 600,,,1849,
Nvidia,Quadro 6000,,,8990,
Nvidia,Quadro K2000D,,,3602,
Nvidia,Quadro K2200M,,,10787,
Nvidia,Quadro K3000M,,2466,2958,
Nvidia,Quadro K5000M,,,5107,
Nvidia,Quadro K5100M,,5204,7697,
Nvidia,Quadro K620M,,,6165,
Nvidia,Quadro M4000M,,,20025,23545
Nvidia,Quadro M600M,,,5969,
Nvidia,Quadro P4200 with Max-Q Design,,,40459,
Qualcomm,QUALCOMM Adreno,,,2381,
AMD,Radeon,,,1681,
AMD,Radeon 500,,,8536,9903
AMD,Radeon 520,,,6363,6539
AMD,Radeon 530,,,5879,7945
AMD,Radeon 535,,,7082,8424
AMD,Radeon 535DX,,,5277,
AMD,Radeon 540,,,8270,7254
AMD,Radeon 540X,,,9234,7966
AMD,Radeon 550,,,12413,11360
AMD,Radeon 550X,,,10870,
AMD,Radeon 5700XT,,74647,64666,
AMD,Radeon 610,,,5258,
AMD,Radeon 620,,,5914,
AMD,Radeon 625,,,6656,
AMD,Radeon 630,,,9651,
AMD,Radeon 6600M and 6700M,,,1118,
AMD,Radeon 6600XT,,96900,,
AMD,Radeon Barts XT Prototype,,,1333,
AMD,Radeon E9550,,,36624,
AMD,Radeon HD 5400,,,385,
AMD,Radeon HD 5450,,,392,
AMD,Radeon HD 5500,,,1085,
AMD,Radeon HD 5570,,,1275,
AMD,Radeon HD 5600/5700,,,2586,
AMD,Radeon HD 5670,,,1508,
AMD,Radeon HD 5700,,,3318,
AMD,Radeon HD 5700 XT,,59012,,
AMD,Radeon HD 5700X,,39179,,
AMD,Radeon HD 5750,,,859,
AMD,Radeon HD 5770,,,1000,
AMD,Radeon HD 5800,,,5466,
AMD,Radeon HD 5870,,,1531,
AMD,Radeon HD 5900,,,5338,
AMD,Radeon HD 6290,,,220,
AMD,Radeon HD 6300M,,,456,
AMD,Radeon HD 6310,,,302,
AMD,Radeon HD 6320,,,354,
AMD,Radeon HD 6380G,,,426,
AMD,Radeon HD 6410D,,,610,
AMD,Radeon HD 6450,,,632,
AMD,Radeon HD 6470M,,,747,
AMD,Radeon HD 6480G,,,618,
AMD,Radeon HD 6500,,,1256,
AMD,Radeon HD 6520G,,,704,
AMD,Radeon HD 6530D,,,845,
AMD,Radeon HD 6550D,,,1189,
AMD,Radeon HD 6570,,,1404,
AMD,Radeon HD 6600A,,,1274,
AMD,Radeon HD 6620G,,,863,
AMD,Radeon HD 6670,,,1657,
AMD,Radeon HD 6700,,,3275,
AMD,Radeon HD 6700M,,,1398,
AMD,Radeon HD 6750M,,,405,
AMD,Radeon HD 6770,,,3269,
AMD,Radeon HD 6770M,,,448,
AMD,Radeon HD 6800,,,4310,
AMD,Radeon HD 6800M,,,2490,
AMD,Radeon HD 6850 X2,,,3977,
AMD,Radeon HD 6870,,,4950,
AMD,Radeon HD 6900,,,5599,
AMD,Radeon HD 6900 XT,,121732,,
AMD,Radeon HD 6900M,,,3259,
AMD,Radeon HD 6950,,,5252,
AMD,Radeon HD 6970M,,,3349,
AMD,Radeon HD 7000,,,790,
AMD,Radeon HD 7310,,,312,
AMD,Radeon HD 7340,,,389,
AMD,Radeon HD 7400,,,634,
AMD,Radeon HD 7400G,,,592,
AMD,Radeon HD 7400M,,,726,
AMD,Radeon HD 7420G,,,675,
AMD,Radeon HD 7450,,,642,
AMD,Radeon HD 7450A,,,668,
AMD,Radeon HD 7450M,,,476,
AMD,Radeon HD 7470,,,791,
AMD,Radeon HD 7480D,,,751,
AMD,Radeon HD 7500,,,1352,
AMD,Radeon HD 7500/7600,,,928,
AMD,Radeon HD 7500G,,,824,
AMD,Radeon HD 7500M/7600M,,,1062,
AMD,Radeon HD 7520G,,,966,
AMD,Radeon HD 7540D,,,1073,
AMD,Radeon HD 7560D,,,1450,
AMD,Radeon HD 7570,,,1344,
AMD,Radeon HD 7570M,,,1004,
AMD,Radeon HD 7570M/HD 7670M,,,1416,
AMD,Radeon HD 7600,,,1497,
AMD,Radeon HD 7600G,,,1086,
AMD,Radeon HD 7600M,,,1249,
AMD,Radeon HD 7620G,,,1232,
AMD,Radeon HD 7640G,,,1255,
AMD,Radeon HD 7650A,,,1261,
AMD,Radeon HD 7650M,,,1043,
AMD,Radeon HD 7660D,,,2017,
AMD,Radeon HD 7660G,,,1714,
AMD,Radeon HD 7670M,,,1247,
AMD,Radeon HD 7690M,,,1242,
AMD,Radeon HD 7700,,,12569,13181
AMD,Radeon HD 7700M,,,6944,7224
AMD,Radeon HD 7730M,,,6787,
AMD,Radeon HD 7770,,13536,,
AMD,Radeon HD 7770 GHz Edition,,,14263,
AMD,Radeon HD 7800,,,23666,24101
AMD,Radeon HD 7800M,,,9761,
AMD,Radeon HD 7900,,,32996,33694
AMD,Radeon HD 7950,,30593,28521,
AMD,Radeon HD 7970M,,,22410,
AMD,Radeon HD 8200 / R3,,,1137,1212
AMD,Radeon HD 8210,,,784,
AMD,Radeon HD 8240,,,978,
AMD,Radeon HD 8250,,,1075,
AMD,Radeon HD 8280E,,,1210,
AMD,Radeon HD 8330,,,1726,
AMD,Radeon HD 8330E,,,1214,
AMD,Radeon HD 8370D,,,783,
AMD,Radeon HD 8400,,,1453,
AMD,Radeon HD 8400 / R3,,,1796,1494
AMD,Radeon HD 8450G,,,984,
AMD,Radeon HD 8470,,,785,
AMD,Radeon HD 8470D,,,1115,
AMD,Radeon HD 8490,,,897,
AMD,Radeon HD 8500,,,5216,
AMD,Radeon HD 8500M,,,4861,4632
AMD,Radeon HD 8500M/8700M,,,5860,6245
AMD,Radeon HD 8510G,,,1370,
AMD,Radeon HD 8550G,,,1360,
AMD,Radeon HD 8570,,,6887,7233
AMD,Radeon HD 8570D,,,1521,
AMD,Radeon HD 8570M,,,4646,
AMD,Radeon HD 8600/8700M,,,6791,6582
AMD,Radeon HD 8600M,,,5491,5212
AMD,Radeon HD 8610G,,,1490,
AMD,Radeon HD 8650G,,,1735,
AMD,Radeon HD 8670D,,,2159,
AMD,Radeon HD 8670M,,,5532,
AMD,Radeon HD 8690M,,,5887,
AMD,Radeon HD 8700M,,,7496,
AMD,Radeon HD 8730M,,,6236,
AMD,Radeon HD 8750M,,,6508,
AMD,Radeon HD 8790M,,,7019,7602
AMD,Radeon HD 8800M,,,9852,
AMD,Radeon HD 8850M,,,8067,
AMD,Radeon HD 8870M,,,9065,
AMD,Radeon HD 8950,,,16214,19779
AMD,Radeon HD Amethyst XT Prototype,,,18907,
AMD,Radeon HD Baffin Mobile GL PRO Prototype,,,14438,
AMD,Radeon HD Baffin Prototype,,,19937,
AMD,Radeon HD Baffin Unknown Prototype,,,20764,
AMD,Radeon HD Bonaire Unknown Prototype,,15985,13020,
AMD,Radeon HD Bonaire XT Prototype,,,16943,
AMD,Radeon HD Chelsea PRO Prototype,,,7269,
AMD,Radeon HD Chelsea XT Prototype,,8830,,
AMD,Radeon HD Ellesmere Prototype,,,23268,
AMD,Radeon HD Ellesmere Unknown Prototype,,,19171,
AMD,Radeon HD Emerald XT Prototype,,17314,14424,
AMD,Radeon HD Fiji XT Prototype,,40136,34993,
AMD,Radeon HD GFX10 Family Unknown Prototype,,120858,,
AMD,Radeon HD Hawaii PRO Prototype,,43232,41028,
AMD,Radeon HD Hawaii Unknown Prototype,,41323,38084,
AMD,Radeon HD Hawaii XT Prototype,,46101,43393,
AMD,Radeon HD Pitcairn PRO Prototype,,24945,23282,
AMD,Radeon HD Pitcairn Unknown Prototype,,25531,22794,
AMD,Radeon HD Pitcairn XT Prototype,,26737,23836,
AMD,Radeon HD RX 6600 XT,,82723,,
AMD,Radeon HD Saturn XT Prototype,,17504,16196,
AMD,Radeon HD Tahiti LE Prototype,,30680,25465,
AMD,Radeon HD Tahiti XT Prototype,,38946,34900,
AMD,Radeon HD Tonga PRO Prototype,,25060,27951,
AMD,Radeon HD Tonga XT Prototype,,26000,31759,
AMD,Radeon HD Vega10 XT Prototype,,,58926,
AMD,Radeon HD Venus LE Prototype,,7370,6801,
AMD,Radeon HD Venus XTX Prototype,,10232,9782,
AMD,Radeon HD Verde PRO Prototype,,10779,9912,
AMD,Radeon HD Verde Unknown Prototype,,,7752,
AMD,Radeon HD Verde XT Prototype,,14493,13536,
AMD,Radeon HD5450,,,656,
AMD,Radeon HD8490,,,816,
AMD,Radeon HD8970M,,,24227,25611
AMD,Radeon Instinct MI25 MxGPU,,,11780,25682
AMD,Radeon Navi10,,40872,40385,
AMD,Radeon Navi14,,34682,33574,
AMD,Radeon Navi21,,159946,91589,
AMD,Radeon Polaris,,19360,23363,
AMD,Radeon PRO,,,13427,14847
AMD,Radeon Pro 450,,10560,10583,10982
AMD,Radeon Pro 455,,12897,13120,11450
AMD,Radeon Pro 460,,16437,16987,16293
AMD,Radeon Pro 480X,,34491,,
AMD,Radeon Pro 5300,,37399,36134,27794
AMD,Radeon Pro 5300M,,24857,27388,22457
AMD,Radeon Pro 5500 XT,,41995,41093,27120
AMD,Radeon Pro 5500M,,29714,34864,27014
AMD,Radeon Pro 5500XT,,,38896,
AMD,Radeon Pro 555,,12562,13281,16482
AMD,Radeon Pro 555X,,13910,13877,13958
AMD,Radeon Pro 560,,16063,16903,16551
AMD,Radeon Pro 5600 XT,,,44486,
AMD,Radeon Pro 5600M,,43100,44697,37726
AMD,Radeon Pro 5600XT,,,52917,
AMD,Radeon Pro 560X,,18758,18675,18771
AMD,Radeon Pro 570,,30780,30331,34877
AMD,Radeon Pro 5700,,51845,48108,
AMD,Radeon Pro 5700 XT,,59317,54300,43511
AMD,Radeon Pro 5700X,,,56931,
AMD,Radeon Pro 5700XT,,77202,66795,
AMD,Radeon Pro 570X,,32285,29459,34694
AMD,Radeon Pro 575,,36188,35081,31842
AMD,Radeon Pro 575X,,37296,34921,36448
AMD,Radeon Pro 580,,51062,40582,44559
AMD,Radeon Pro 580X,,41240,42002,37589
AMD,Radeon Pro Duo,,,50232,61450
AMD,Radeon Pro RADEON RX 5700 XT,,,51559,
AMD,Radeon Pro Radeon RX 580,,42866,38732,
AMD,Radeon Pro RX 5600XT,,63945,,
AMD,Radeon Pro RX 580,,52863,,
AMD,Radeon Pro RX5700,,60126,,
AMD,Radeon Pro RX580,,52332,44066,
AMD,Radeon Pro V520 MxGPU,,,59837,63176
AMD,Radeon Pro Vega 16,,21201,22421,
AMD,Radeon Pro Vega 20,,26396,27443,26203
AMD,Radeon Pro Vega 48,,55212,51123,56184
AMD,Radeon Pro Vega 56,,59820,60993,68254
AMD,Radeon Pro Vega 64,,61146,69055,75171
AMD,Radeon Pro Vega 64X,,63830,75438,
AMD,Radeon Pro Vega II,,100963,86528,93942
AMD,Radeon Pro Vega II Duo,,100354,88483,92574
AMD,Radeon Pro Vega56,,69229,,
AMD,Radeon Pro VII,,94556,88671,73595
AMD,Radeon Pro W5500,,40060,,32626
AMD,Radeon Pro W5500X,,41982,38977,
AMD,Radeon Pro W5700,,60319,50207,49341
AMD,Radeon Pro W5700X,,73809,62529,50318
AMD,Radeon Pro W5700XT,,75427,51910,
AMD,Radeon PRO W6600,,73486,73560,57886
AMD,Radeon Pro W6600X,,85580,68136,
AMD,Radeon PRO W6800,,123872,88393,80996
AMD,Radeon PRO W6800X,,138267,96704,
AMD,Radeon PRO W6800X Duo,,136289,93683,
AMD,Radeon Pro W6900X,,166946,141178,105424
AMD,Radeon Pro WX 2100,,,11128,10972
AMD,Radeon Pro WX 3100,,,11300,13471
AMD,Radeon Pro WX 3200,,,15640,16510
AMD,Radeon Pro WX 4100,,19178,19770,20696
AMD,Radeon Pro WX 4130,,,7588,
AMD,Radeon Pro WX 4150,,,14094,
AMD,Radeon Pro WX 4170,,,20842,
AMD,Radeon Pro WX 5100,,24214,28072,32777
AMD,Radeon Pro WX 7100,,35023,39367,36978
AMD,Radeon Pro WX 7130,,,41335,
AMD,Radeon Pro WX 8200,,56320,69116,63239
AMD,Radeon Pro WX 9100,,58447,65210,68739
AMD,Radeon Pro WX Vega M GL,,,17282,
AMD,Radeon Pro WX3200,,,11392,
AMD,Radeon Pro WX8200,,70759,35060,
AMD,Radeon R2,,,1230,1380
AMD,Radeon R3,,,1569,2042
AMD,Radeon R4,,,1952,2362
AMD,Radeon R5,,,4869,5160
AMD,Radeon R5 200,,,619,
AMD,Radeon R5 230,,,641,
AMD,Radeon R5 235,,,779,
AMD,Radeon R5 240,,,5055,4874
AMD,Radeon R5 340,,,5498,
AMD,Radeon R5 340X,,,5341,4929
AMD,Radeon R5 430,,,5855,5312
AMD,Radeon R5 435,,,7050,
AMD,Radeon R5 M200,,,5671,
AMD,Radeon R5 M230,,,5344,3971
AMD,Radeon R5 M240,,,3721,
AMD,Radeon R5 M255,,,5013,5527
AMD,Radeon R5 M315,,,3930,
AMD,Radeon R5 M320,,,5175,4768
AMD,Radeon R5 M330,,,5430,4983
AMD,Radeon R5 M335,,,5143,5131
AMD,Radeon R5 M420,,,4143,
AMD,Radeon R5 M430,,,5314,4624
AMD,Radeon R5 M435,,,6493,
AMD,Radeon R5 M445,,,5875,
AMD,Radeon R5E,,,1991,
AMD,Radeon R6,,,4403,5062
AMD,Radeon R6 M255DX,,,,4867
AMD,Radeon R7,,,6100,7428
AMD,Radeon R7 / HD 9000,,,11610,
AMD,Radeon R7 + R7 200 Dual,,,6922,
AMD,Radeon R7 200,,,10681,11537
AMD,Radeon R7 240,,,5326,5023
AMD,Radeon R7 250,,,10280,8744
AMD,Radeon R7 250X,,,14262,12579
AMD,Radeon R7 265,,,20651,
AMD,Radeon R7 350,,,10951,9660
AMD,Radeon R7 350X,,,8761,9329
AMD,Radeon R7 360,,,17603,17970
AMD,Radeon R7 370,,,23431,24521
AMD,Radeon R7 430,,,6738,6940
AMD,Radeon R7 450,,,10702,9779
AMD,Radeon R7 A360,,,5809,
AMD,Radeon R7 M260,,,5767,5710
AMD,Radeon R7 M260X,,,5979,
AMD,Radeon R7 M265,,,6785,6701
AMD,Radeon R7 M270,,,6810,
AMD,Radeon R7 M340,,,5396,5574
AMD,Radeon R7 M350,,,5924,
AMD,Radeon R7 M360,,,5396,5761
AMD,Radeon R7 M365X,,,6237,
AMD,Radeon R7 M370,,,7863,5392
AMD,Radeon R7 M440,,,5879,6489
AMD,Radeon R7 M445,,,5920,
AMD,Radeon R7 M460,,,7310,
AMD,Radeon R7 M465,,,7339,
AMD,Radeon R7E,,,2945,
AMD,Radeon R8 M365DX,,,5601,
AMD,Radeon R8 M445DX,,,5183,
AMD,Radeon R8 M535DX,,,4620,
AMD,Radeon R9 200,,,37582,38925
AMD,Radeon R9 270,,,22331,
AMD,Radeon R9 270X,,28112,,
AMD,Radeon R9 280,,,35831,36785
AMD,Radeon R9 290X,,,43067,48969
AMD,Radeon R9 350,,,10504,
AMD,Radeon R9 360,,,14815,
AMD,Radeon R9 370,,,24591,26499
AMD,Radeon R9 380,,,29877,33763
AMD,Radeon R9 390,,,46328,49594
AMD,Radeon R9 Fury,,,53458,67144
AMD,Radeon R9 M200X,,,8722,11328
AMD,Radeon R9 M265X,,,9044,
AMD,Radeon R9 M275X,,,11041,
AMD,Radeon R9 M290,,21799,21696,
AMD,Radeon R9 M290X,,24894,23226,
AMD,Radeon R9 M295X,,30471,27174,
AMD,Radeon R9 M360,,,9392,10902
AMD,Radeon R9 M370X,,11286,10500,11486
AMD,Radeon R9 M375,,,10389,9682
AMD,Radeon R9 M375X,,,9759,
AMD,Radeon R9 M380,,16811,14979,18210
AMD,Radeon R9 M390,,21960,20261,
AMD,Radeon R9 M390X,,,22044,
AMD,Radeon R9 M395,,26526,23764,
AMD,Radeon R9 M395X,,31808,27725,
AMD,Radeon Rro W5500X,,27973,,
AMD,Radeon RX 350,,,2251,
AMD,Radeon RX 460,,17920,20002,20340
AMD,Radeon RX 470,,38292,37864,40232
AMD,Radeon RX 480,,42415,44522,48947
AMD,Radeon RX 5300,,,39363,
AMD,Radeon RX 5300M,,,30608,23885
AMD,Radeon RX 540,,,10620,
AMD,Radeon RX 550,,18838,13952,15900
AMD,Radeon RX 5500,,,40204,34601
AMD,Radeon RX 5500 XT,,41242,41385,33781
AMD,Radeon RX 5500M,,,36948,34067
AMD,Radeon RX 550X,,,12373,13079
AMD,Radeon RX 560,,21032,19745,19493
AMD,Radeon RX 5600,,,48650,37453
AMD,Radeon RX 5600 XT,,56432,57968,48131
AMD,Radeon RX 5600M,,,51426,40406
AMD,Radeon RX 560X,,,20889,19900
AMD,Radeon RX 570,,40200,40810,42870
AMD,Radeon RX 5700,,57679,50932,51919
AMD,Radeon RX 5700 XT,,68311,70091,56806
AMD,Radeon RX 5700 XT 50th Anniversary,,71572,57556,57257
AMD,Radeon RX 5700xt,,,63708,
AMD,Radeon RX 570X,,,38939,
AMD,Radeon RX 580,,44601,44351,47248
AMD,Radeon RX 580 2048SP,,,40609,37797
AMD,Radeon RX 580X,,,41822,
AMD,Radeon RX 590,,49268,52086,48483
AMD,Radeon RX 590 GME,,,48735,
AMD,Radeon RX 640,,,15883,15859
AMD,Radeon RX 6500 XT,,,52512,39991
AMD,Radeon RX 6600,,75685,76157,61842
AMD,Radeon RX 6600 XT,,83409,72559,64460
AMD,Radeon RX 6600M,,,63711,47653
AMD,Radeon RX 6700 XT,,,102988,70085
AMD,Radeon RX 6700M,,,80710,63096
AMD,Radeon RX 6700S,,,72317,
AMD,Radeon RX 6800,,129800,100322,93163
AMD,Radeon RX 6800 XT,,150488,157812,100571
AMD,Radeon RX 6800M,,,93784,55272
AMD,Radeon RX 6800S,,,78332,
AMD,Radeon RX 6900 XT,,159528,135942,114610
AMD,Radeon RX 6900XT,,,134606,
AMD,Radeon RX RX 5600 XT,,,39545,
AMD,Radeon RX Vega,,,77618,70183
AMD,Radeon RX Vega 10,,,9418,10204
AMD,Radeon RX Vega 11,,,14198,14883
AMD,Radeon RX Vega 11 Processor,,,12716,
AMD,Radeon RX Vega 56,,57015,53003,
AMD,Radeon RX Vega 64,,61607,55306,
AMD,Radeon RX Vega 8,,,11842,10148
AMD,Radeon RX Vega M GH,,,29055,31567
AMD,Radeon RX Vega M GL,,,20414,22274
AMD,Radeon RX Vega10 Unknown Prototype,,,53388,
AMD,Radeon RX Vega11,,,11505,11647
AMD,Radeon RX460,,,19398,
AMD,Radeon RX480,,,43967,
AMD,Radeon Unknown Prototype,,,65602,
AMD,Radeon Vega,,45271,50683,
AMD,Radeon Vega 10,,,9635,9050
AMD,Radeon Vega 10 Mobile,,,9499,
AMD,Radeon Vega 11,,,12376,12402
AMD,Radeon Vega 2,,,3208,
AMD,Radeon Vega 3,,,4396,4915
AMD,Radeon Vega 3 Mobile,,,4468,
AMD,Radeon Vega 6,,,7003,6797
AMD,Radeon Vega 8,,,8763,8956
AMD,Radeon Vega 8 Mobile,,,,7458
AMD,Radeon Vega 9,,,9600,9648
AMD,Radeon Vega Frontier Edition,,59906,61962,67329
AMD,Radeon VII,,68286,76533,77122
AMD,RADV BEIGE_GOBY,,,,35887
AMD,RADV BONAIRE (ACO),,,,17510
AMD,RADV CARRIZO (ACO),,,,5148
AMD,RADV CARRIZO (LLVM 9.0.1),,,,3574
AMD,RADV DIMGREY_CAVEFISH,,,,51392
AMD,RADV DIMGREY_CAVEFISH (ACO),,,,47161
AMD,RADV FIJI (LLVM 10.0.1),,,,23210
AMD,RADV HAWAII (ACO),,,,34841
AMD,RADV ICELAND (LLVM 10.0.0),,,,2267
AMD,RADV NAVI10,,,,54842
AMD,RADV NAVI10 (ACO),,,,52699
AMD,RADV NAVI10 (LLVM 10.0),,,,38665
AMD,RADV NAVI10 (LLVM 10.0.0),,,,54887
AMD,RADV NAVI10 (LLVM 10.0.1),,,,52977
AMD,RADV NAVI10 (LLVM 11.0.0),,,,34031
AMD,RADV NAVI10 (LLVM 9.0.1),,,,52797
AMD,RADV NAVI14,,,,52307
AMD,RADV NAVI14 (ACO),,,,40085
AMD,RADV NAVI14 (LLVM 10.0.0),,,,31993
AMD,RADV NAVI14 (LLVM 10.0.1),,,,34359
AMD,RADV NAVY_FLOUNDER,,,,51715
AMD,RADV NAVY_FLOUNDER (ACO),,,,67871
AMD,RADV PITCAIRN (ACO),,,,26114
AMD,RADV POLARIS10,,,,44178
AMD,RADV POLARIS10 (ACO),,,,42773
AMD,RADV POLARIS10 (LLVM 10.0.0),,,,17508
AMD,RADV POLARIS10 (LLVM 10.0.1),,,,18017
AMD,RADV POLARIS10 (LLVM 7.0.0),,,,38856
AMD,RADV POLARIS10 (LLVM 7.0.1),,,,39979
AMD,RADV POLARIS10 (LLVM 8.0.1),,,,28377
AMD,RADV POLARIS10 (LLVM 9.0),,,,41771
AMD,RADV POLARIS10 (LLVM 9.0.1),,,,44380
AMD,RADV POLARIS11,,,,22422
AMD,RADV POLARIS11 (ACO),,,,17618
AMD,RADV POLARIS11 (LLVM 10.0),,,,17705
AMD,RADV POLARIS11 (LLVM 10.0.0),,,,8134
AMD,RADV POLARIS11 (LLVM 9.0),,,,16172
AMD,RADV POLARIS11 (LLVM 9.0.1),,,,21120
AMD,RADV POLARIS12,,,,13379
AMD,RADV POLARIS12 (ACO),,,,13422
AMD,RADV POLARIS12 (LLVM 10.0.0),,,,6131
AMD,RADV RAVEN,,,,8052
AMD,RADV RAVEN (ACO),,,,7670
AMD,RADV RAVEN (LLVM 10.0),,,,8001
AMD,RADV RAVEN (LLVM 10.0.0),,,,5836
AMD,RADV RAVEN (LLVM 10.0.1),,,,6958
AMD,RADV RAVEN (LLVM 9.0),,,,7970
AMD,RADV RAVEN (LLVM 9.0.1),,,,5540
AMD,RADV RAVEN2 (ACO),,,,2721
AMD,RADV RENOIR,,,,14029
AMD,RADV RENOIR (ACO),,,,11719
AMD,RADV RENOIR (LLVM 10.0.0),,,,10863
AMD,RADV RENOIR (LLVM 10.0.1),,,,11289
AMD,RADV SIENNA_CICHLID,,,,99552
AMD,RADV SIENNA_CICHLID (ACO),,,,86982
AMD,RADV TONGA,,,,23885
AMD,RADV TONGA (ACO),,,,28051
AMD,RADV VANGOGH,,,,14336
AMD,RADV VEGA10,,,,55001
AMD,RADV VEGA10 (ACO),,,,55446
AMD,RADV VEGA10 (LLVM 10.0.0),,,,59767
AMD,RADV VEGA10 (LLVM 10.0.1),,,,36585
AMD,RADV VEGA20 (ACO),,,,55229
AMD,RADV VEGA20 (LLVM 9.0.1),,,,50740
AMD,RADV VEGAM,,,,26913
AMD,RADV VEGAM (ACO),,,,26965
AMD,RADV VEGAM (LLVM 10.0.1),,,,11852
AMD,RADV VEGAM (LLVM 9.0.1),,,,28841
AMD,RADV VERDE,,,,12877
AMD,RADV/ACO NAVI10 (LLVM 10.0.0),,,,55842
AMD,RADV/ACO NAVI10 (LLVM 10.0.1),,,,46406
AMD,RADV/ACO NAVI10 (LLVM 11.0.0),,,,54779
AMD,RADV/ACO NAVI10 (LLVM 9.0.0),,,,64592
AMD,RADV/ACO NAVI10 (LLVM 9.0.1),,,,52739
AMD,RADV/ACO POLARIS10 (LLVM 10.0.1),,,,41800
AMD,Renoir,,,6666,
Samsung,Samsung Xclipse 920,,,8523,8418
AMD,Sapphire Redeon RX 5700XT Nitro+ 8GB,,64038,,
Other,SKL Graphics,,,4048,
Intel,SKL Unknown,,4060,,
Other,SwiftShader Device (LLVM 10.0.0),,,,435
Nvidia,Tegra K1,,,,714
Nvidia,Tegra X1,,,,1551
Nvidia,Tegra X1 (nvgpu),,,,1972
Nvidia,Tegra X1 (rev B) (nvgpu),,,,2938
Nvidia,Tesla C2070,,,9716,
Nvidia,Tesla C2075,,,9885,
Nvidia,Tesla K10,,,14029,
Nvidia,Tesla K10.G1.8GB,,,11692,10452
Nvidia,Tesla K10.G2.8GB,,,11722,
Nvidia,Tesla M2090,,,11728,
Nvidia,Tesla V100-SXM2-32GB-LS,,,131696,
Intel,UHD Graphics,,,5365,5844
Intel,UHD Graphics (CML GT2),,,,3894
Intel,UHD Graphics (Comet Lake 3x8 GT2),,,,4223
Intel,UHD Graphics (ICL GT1),,,,3529
Intel,UHD Graphics (TGL GT1),,,,5367
Intel,UHD Graphics 600,,,1297,1343
Intel,UHD Graphics 600 (Geminilake 2x6),,,,667
Intel,UHD Graphics 600 (GLK 2),,,,1044
Intel,UHD Graphics 600 [0x3185],,,822,
Intel,UHD Graphics 605,,,1749,2063
Intel,UHD Graphics 610,,,3139,3147
Intel,UHD Graphics 610 (CFL GT1),,,,2140
Intel,UHD Graphics 615,,,3773,3975
Intel,UHD Graphics 617,,3771,4005,4749
Intel,UHD Graphics 620,,,4848,4983
Intel,UHD Graphics 620 (KBL GT2),,,,3604
Intel,UHD Graphics 620 (WHL GT2),,,,3124
Intel,UHD Graphics 630,,4553,5095,5552
Intel,UHD Graphics 630 (CFL GT2),,,,3660
Intel,UHD Graphics 630 (CML GT2),,,,3815
Intel,UHD Graphics 710,,,4265,
Intel,UHD Graphics 730,,,6934,6861
Intel,UHD Graphics 750,,,7782,7514
Intel,UHD Graphics 770,,,9253,9204
Intel,UHD Graphics P630,,,5908,5787
Intel,UHD Graphics P630 [0x3e96],,,6248,
Other,V3D 4.2,,,,141
AMD,Vega 10 XL/XT [Radeon RX Vega 56/64],,,60605,
AMD,Vega 20 [Radeon VII],,,96073,
Other,VeriSilicon,,,,73
Other,VideoCore VI HW (V3D-620),,,,76
Intel,Xe Graphics,,,49205,
Intel,Xe Graphics (TGL GT2),,,,8895
